CustomItemGroupKey,SurveyItemKey,CustomItemOrder,CustomItemGroupID,CustomItemGroupName,CustomItemGroupOrder,CustomItemCategoryID,CustomItemCategoryName,CustomItemCategoryOrder,CustomItemCategoryTypeID,CustomItemCategoryTypeName,EDWSourceKey,EDWCreatedDatetime,EDWModifiedDatetime
4,3893,NULL,21,Patient Education,NULL,NULL,NULL,NULL,2,Magnet,4,15:01.0,24:04.9
5,3897,NULL,21,Patient Education,NULL,NULL,NULL,NULL,2,Magnet,4,15:01.0,24:04.9
6,3902,NULL,24,Safety,NULL,NULL,NULL,NULL,2,Magnet,4,15:01.0,24:04.9
7,3912,NULL,21,Patient Education,NULL,NULL,NULL,NULL,2,Magnet,4,15:01.0,24:04.9
8,3927,NULL,21,Patient Education,NULL,NULL,NULL,NULL,2,Magnet,4,15:01.0,24:04.9
9,3932,NULL,24,Safety,NULL,NULL,NULL,NULL,2,Magnet,4,15:01.0,24:04.9
14,4385,NULL,19,Courtesy and respect,NULL,NULL,NULL,NULL,2,Magnet,4,15:01.0,24:04.9
16,4386,NULL,18,Careful Listening,NULL,NULL,NULL,NULL,2,Magnet,4,15:01.0,24:04.9
18,4387,NULL,21,Patient Education,NULL,NULL,NULL,NULL,2,Magnet,4,15:01.0,24:04.9
25,4402,NULL,23,Responsiveness,NULL,NULL,NULL,NULL,2,Magnet,4,15:01.0,24:04.9
27,4406,NULL,20,Pain,NULL,NULL,NULL,NULL,2,Magnet,4,15:01.0,24:04.9
29,4407,NULL,20,Pain,NULL,NULL,NULL,NULL,2,Magnet,4,15:01.0,24:04.9
31,4410,NULL,21,Patient Education,NULL,NULL,NULL,NULL,2,Magnet,4,15:01.0,24:04.9
32,4410,NULL,24,Safety,NULL,NULL,NULL,NULL,2,Magnet,4,15:01.0,24:04.9
35,4413,NULL,21,Patient Education,NULL,NULL,NULL,NULL,2,Magnet,4,15:01.0,24:04.9
43,4788,NULL,21,Patient Education,NULL,NULL,NULL,NULL,2,Magnet,4,15:01.0,24:04.9
46,5909,NULL,23,Responsiveness,NULL,NULL,NULL,NULL,2,Magnet,4,15:01.0,24:04.9
50,7627,NULL,19,Courtesy and respect,NULL,NULL,NULL,NULL,2,Magnet,4,15:01.0,24:04.9
52,7639,NULL,20,Pain,NULL,NULL,NULL,NULL,2,Magnet,4,15:01.0,24:05.0
53,7738,NULL,23,Responsiveness,NULL,NULL,NULL,NULL,2,Magnet,4,15:01.0,24:05.0
55,7849,NULL,19,Courtesy and respect,NULL,NULL,NULL,NULL,2,Magnet,4,15:01.0,24:05.0
57,7961,NULL,18,Careful Listening,NULL,NULL,NULL,NULL,2,Magnet,4,15:01.0,24:05.0
58,7961,NULL,22,Patient Engagement/patient-centered care,NULL,NULL,NULL,NULL,2,Magnet,4,15:01.0,24:05.0
64,8537,NULL,17,Care Coordination,NULL,NULL,NULL,NULL,2,Magnet,4,15:01.0,24:05.0
67,8540,NULL,21,Patient Education,NULL,NULL,NULL,NULL,2,Magnet,4,15:01.0,24:05.0
78,9202,NULL,20,Pain,NULL,NULL,NULL,NULL,2,Magnet,4,15:01.0,24:05.0
81,9227,NULL,21,Patient Education,NULL,NULL,NULL,NULL,2,Magnet,4,15:01.0,24:05.0
83,9249,NULL,19,Courtesy and respect,NULL,NULL,NULL,NULL,2,Magnet,4,15:01.0,24:05.0
85,9250,NULL,20,Pain,NULL,NULL,NULL,NULL,2,Magnet,4,15:01.0,24:05.0
86,9271,NULL,20,Pain,NULL,NULL,NULL,NULL,2,Magnet,4,15:01.0,24:05.0
89,9293,NULL,25,Service Recovery,NULL,NULL,NULL,NULL,2,Magnet,4,15:01.0,24:05.0
91,9304,NULL,22,Patient Engagement/patient-centered care,NULL,NULL,NULL,NULL,2,Magnet,4,15:01.0,24:05.0
93,9327,NULL,17,Care Coordination,NULL,NULL,NULL,NULL,2,Magnet,4,15:01.0,24:05.0
97,9512,NULL,21,Patient Education,NULL,NULL,NULL,NULL,2,Magnet,4,15:01.0,24:05.0
98,9564,NULL,21,Patient Education,NULL,NULL,NULL,NULL,2,Magnet,4,15:01.0,24:05.0
99,9693,NULL,19,Courtesy and respect,NULL,NULL,NULL,NULL,2,Magnet,4,15:01.0,24:05.0
100,9704,NULL,21,Patient Education,NULL,NULL,NULL,NULL,2,Magnet,4,15:01.0,24:05.0
101,9715,NULL,18,Careful Listening,NULL,NULL,NULL,NULL,2,Magnet,4,15:01.0,24:05.0
102,9715,NULL,22,Patient Engagement/patient-centered care,NULL,NULL,NULL,NULL,2,Magnet,4,15:01.0,24:05.0
103,10028,NULL,24,Safety,NULL,NULL,NULL,NULL,2,Magnet,4,15:01.0,24:05.0
104,11722,NULL,19,Courtesy and respect,NULL,NULL,NULL,NULL,2,Magnet,4,15:01.0,24:05.0
105,11999,NULL,20,Pain,NULL,NULL,NULL,NULL,2,Magnet,4,15:01.0,24:05.0
119,12329,NULL,23,Responsiveness,NULL,NULL,NULL,NULL,2,Magnet,4,15:01.0,24:05.1
120,12402,NULL,19,Courtesy and respect,NULL,NULL,NULL,NULL,2,Magnet,4,15:01.0,24:05.1
121,12420,NULL,19,Courtesy and respect,NULL,NULL,NULL,NULL,2,Magnet,4,15:01.0,24:05.1
122,12423,NULL,18,Careful Listening,NULL,NULL,NULL,NULL,2,Magnet,4,15:01.0,24:05.1
123,12423,NULL,22,Patient Engagement/patient-centered care,NULL,NULL,NULL,NULL,2,Magnet,4,15:01.0,24:05.1
124,12440,NULL,19,Courtesy and respect,NULL,NULL,NULL,NULL,2,Magnet,4,15:01.0,24:05.1
125,12465,NULL,17,Care Coordination,NULL,NULL,NULL,NULL,2,Magnet,4,15:01.0,24:05.1
126,15215,NULL,24,Safety,NULL,NULL,NULL,NULL,2,Magnet,4,15:01.0,24:05.1
127,15247,NULL,23,Responsiveness,NULL,NULL,NULL,NULL,2,Magnet,4,15:01.0,24:05.1
128,15313,NULL,25,Service Recovery,NULL,NULL,NULL,NULL,2,Magnet,4,15:01.0,24:05.1
129,15333,NULL,20,Pain,NULL,NULL,NULL,NULL,2,Magnet,4,15:01.0,24:05.1
130,15349,NULL,23,Responsiveness,NULL,NULL,NULL,NULL,2,Magnet,4,15:01.0,24:05.1
131,15351,NULL,23,Responsiveness,NULL,NULL,NULL,NULL,2,Magnet,4,15:01.0,24:05.1
132,15375,NULL,19,Courtesy and respect,NULL,NULL,NULL,NULL,2,Magnet,4,15:01.0,24:05.1
133,15408,NULL,19,Courtesy and respect,NULL,NULL,NULL,NULL,2,Magnet,4,15:01.0,24:05.1
134,15419,NULL,21,Patient Education,NULL,NULL,NULL,NULL,2,Magnet,4,15:01.0,24:05.1
135,15430,NULL,21,Patient Education,NULL,NULL,NULL,NULL,2,Magnet,4,15:01.0,24:05.1
136,15508,NULL,19,Courtesy and respect,NULL,NULL,NULL,NULL,2,Magnet,4,15:01.0,24:05.1
137,15519,NULL,19,Courtesy and respect,NULL,NULL,NULL,NULL,2,Magnet,4,15:01.0,24:05.1
138,15736,NULL,24,Safety,NULL,NULL,NULL,NULL,2,Magnet,4,15:01.0,24:05.1
139,15816,NULL,24,Safety,NULL,NULL,NULL,NULL,2,Magnet,4,15:01.0,24:05.1
140,15817,NULL,24,Safety,NULL,NULL,NULL,NULL,2,Magnet,4,15:01.0,24:05.1
141,15834,NULL,22,Patient Engagement/patient-centered care,NULL,NULL,NULL,NULL,2,Magnet,4,15:01.0,24:05.1
142,16180,NULL,21,Patient Education,NULL,NULL,NULL,NULL,2,Magnet,4,15:01.0,24:05.1
143,18676,NULL,18,Careful Listening,NULL,NULL,NULL,NULL,2,Magnet,4,15:01.0,24:05.1
144,21413,NULL,20,Pain,NULL,NULL,NULL,NULL,2,Magnet,4,15:01.0,24:05.1
145,21740,NULL,20,Pain,NULL,NULL,NULL,NULL,2,Magnet,4,15:01.0,24:05.1
146,21784,NULL,17,Care Coordination,NULL,NULL,NULL,NULL,2,Magnet,4,15:01.0,24:05.2
147,21893,NULL,19,Courtesy and respect,NULL,NULL,NULL,NULL,2,Magnet,4,15:01.0,24:05.2
148,21914,NULL,25,Service Recovery,NULL,NULL,NULL,NULL,2,Magnet,4,15:01.0,24:05.2
149,21915,NULL,22,Patient Engagement/patient-centered care,NULL,NULL,NULL,NULL,2,Magnet,4,15:01.0,24:05.2
150,21916,NULL,18,Careful Listening,NULL,NULL,NULL,NULL,2,Magnet,4,15:01.0,24:05.2
151,21916,NULL,23,Responsiveness,NULL,NULL,NULL,NULL,2,Magnet,4,15:01.0,24:05.2
152,21927,NULL,22,Patient Engagement/patient-centered care,NULL,NULL,NULL,NULL,2,Magnet,4,15:01.0,24:05.2
153,21938,NULL,19,Courtesy and respect,NULL,NULL,NULL,NULL,2,Magnet,4,15:01.0,24:05.2
154,22082,NULL,21,Patient Education,NULL,NULL,NULL,NULL,2,Magnet,4,15:01.0,24:05.2
155,22160,NULL,20,Pain,NULL,NULL,NULL,NULL,2,Magnet,4,15:01.0,24:05.2
156,22250,NULL,21,Patient Education,NULL,NULL,NULL,NULL,2,Magnet,4,15:01.0,24:05.2
157,22340,NULL,18,Careful Listening,NULL,NULL,NULL,NULL,2,Magnet,4,15:01.0,24:05.2
158,22386,NULL,24,Safety,NULL,NULL,NULL,NULL,2,Magnet,4,15:01.0,24:05.2
159,22396,NULL,21,Patient Education,NULL,NULL,NULL,NULL,2,Magnet,4,15:01.0,24:05.2
160,22479,NULL,24,Safety,NULL,NULL,NULL,NULL,2,Magnet,4,15:01.0,24:05.2
161,22498,NULL,24,Safety,NULL,NULL,NULL,NULL,2,Magnet,4,15:01.0,24:05.2
162,23541,NULL,19,Courtesy and respect,NULL,NULL,NULL,NULL,2,Magnet,4,15:01.0,24:05.2
163,24532,NULL,17,Care Coordination,NULL,NULL,NULL,NULL,2,Magnet,4,15:01.0,24:05.2
164,25418,NULL,18,Careful Listening,NULL,NULL,NULL,NULL,2,Magnet,4,15:01.0,24:05.2
165,25563,NULL,20,Pain,NULL,NULL,NULL,NULL,2,Magnet,4,15:01.0,24:05.2
166,27476,NULL,22,Patient Engagement/patient-centered care,NULL,NULL,NULL,NULL,2,Magnet,4,15:01.0,24:05.2
167,27832,NULL,18,Careful Listening,NULL,NULL,NULL,NULL,2,Magnet,4,15:01.0,24:05.2
168,28004,NULL,21,Patient Education,NULL,NULL,NULL,NULL,2,Magnet,4,15:01.0,24:05.2
169,28166,NULL,19,Courtesy and respect,NULL,NULL,NULL,NULL,2,Magnet,4,15:01.0,24:05.2
170,28168,NULL,21,Patient Education,NULL,NULL,NULL,NULL,2,Magnet,4,15:01.0,24:05.2
171,28226,NULL,18,Careful Listening,NULL,NULL,NULL,NULL,2,Magnet,4,15:01.0,24:05.2
172,28300,NULL,18,Careful Listening,NULL,NULL,NULL,NULL,2,Magnet,4,15:01.0,24:05.2
173,28303,NULL,23,Responsiveness,NULL,NULL,NULL,NULL,2,Magnet,4,15:01.0,24:05.2
174,28313,NULL,21,Patient Education,NULL,NULL,NULL,NULL,2,Magnet,4,15:01.0,24:05.2
175,28317,NULL,21,Patient Education,NULL,NULL,NULL,NULL,2,Magnet,4,15:01.0,24:05.2
176,28383,NULL,17,Care Coordination,NULL,NULL,NULL,NULL,2,Magnet,4,15:01.0,24:05.2
177,28773,NULL,23,Responsiveness,NULL,NULL,NULL,NULL,2,Magnet,4,15:01.0,24:05.2
178,28840,NULL,24,Safety,NULL,NULL,NULL,NULL,2,Magnet,4,15:01.0,24:05.2
179,29078,NULL,20,Pain,NULL,NULL,NULL,NULL,2,Magnet,4,15:01.0,24:05.2
180,29084,NULL,22,Patient Engagement/patient-centered care,NULL,NULL,NULL,NULL,2,Magnet,4,15:01.0,24:05.2
181,29283,NULL,19,Courtesy and respect,NULL,NULL,NULL,NULL,2,Magnet,4,15:01.0,24:05.2
182,29294,NULL,19,Courtesy and respect,NULL,NULL,NULL,NULL,2,Magnet,4,15:01.0,24:05.2
183,29327,NULL,21,Patient Education,NULL,NULL,NULL,NULL,2,Magnet,4,15:01.0,24:05.2
184,29551,NULL,23,Responsiveness,NULL,NULL,NULL,NULL,2,Magnet,4,15:01.0,24:05.2
185,29568,NULL,24,Safety,NULL,NULL,NULL,NULL,2,Magnet,4,15:01.0,24:05.2
186,29593,NULL,21,Patient Education,NULL,NULL,NULL,NULL,2,Magnet,4,15:01.0,24:05.2
187,29631,NULL,20,Pain,NULL,NULL,NULL,NULL,2,Magnet,4,15:01.0,24:05.2
188,29631,NULL,23,Responsiveness,NULL,NULL,NULL,NULL,2,Magnet,4,15:01.0,24:05.3
189,29651,NULL,19,Courtesy and respect,NULL,NULL,NULL,NULL,2,Magnet,4,15:01.0,24:05.3
190,29662,NULL,19,Courtesy and respect,NULL,NULL,NULL,NULL,2,Magnet,4,15:01.0,24:05.3
191,29666,NULL,18,Careful Listening,NULL,NULL,NULL,NULL,2,Magnet,4,15:01.0,24:05.3
192,29667,NULL,18,Careful Listening,NULL,NULL,NULL,NULL,2,Magnet,4,15:01.0,24:05.3
193,29667,NULL,22,Patient Engagement/patient-centered care,NULL,NULL,NULL,NULL,2,Magnet,4,15:01.0,24:05.3
194,29668,NULL,25,Service Recovery,NULL,NULL,NULL,NULL,2,Magnet,4,15:01.0,24:05.3
195,29706,NULL,19,Courtesy and respect,NULL,NULL,NULL,NULL,2,Magnet,4,15:01.0,24:05.3
196,29715,NULL,24,Safety,NULL,NULL,NULL,NULL,2,Magnet,4,15:01.0,24:05.3
197,29748,NULL,21,Patient Education,NULL,NULL,NULL,NULL,2,Magnet,4,15:01.0,24:05.3
198,29749,NULL,24,Safety,NULL,NULL,NULL,NULL,2,Magnet,4,15:01.0,24:05.3
199,29754,NULL,19,Courtesy and respect,NULL,NULL,NULL,NULL,2,Magnet,4,15:01.0,24:05.3
200,29772,NULL,18,Careful Listening,NULL,NULL,NULL,NULL,2,Magnet,4,15:01.0,24:05.3
201,30118,NULL,20,Pain,NULL,NULL,NULL,NULL,2,Magnet,4,15:01.0,24:05.3
202,31050,NULL,25,Service Recovery,NULL,NULL,NULL,NULL,2,Magnet,4,15:01.0,24:05.3
203,31061,NULL,24,Safety,NULL,NULL,NULL,NULL,2,Magnet,4,15:01.0,24:05.3
204,32148,NULL,17,Care Coordination,NULL,NULL,NULL,NULL,2,Magnet,4,15:01.0,24:05.3
205,32159,NULL,20,Pain,NULL,NULL,NULL,NULL,2,Magnet,4,15:01.0,24:05.3
206,32181,NULL,21,Patient Education,NULL,NULL,NULL,NULL,2,Magnet,4,15:01.0,24:05.3
207,32192,NULL,21,Patient Education,NULL,NULL,NULL,NULL,2,Magnet,4,15:01.0,24:05.3
208,32204,NULL,21,Patient Education,NULL,NULL,NULL,NULL,2,Magnet,4,15:01.0,24:05.3
209,32204,NULL,24,Safety,NULL,NULL,NULL,NULL,2,Magnet,4,15:01.0,24:05.3
210,32233,NULL,21,Patient Education,NULL,NULL,NULL,NULL,2,Magnet,4,15:01.0,24:05.3
211,32234,NULL,18,Careful Listening,NULL,NULL,NULL,NULL,2,Magnet,4,15:01.0,24:05.3
212,32235,NULL,19,Courtesy and respect,NULL,NULL,NULL,NULL,2,Magnet,4,15:01.0,24:05.3
213,32475,NULL,19,Courtesy and respect,NULL,NULL,NULL,NULL,2,Magnet,4,15:01.0,24:05.3
214,32486,NULL,19,Courtesy and respect,NULL,NULL,NULL,NULL,2,Magnet,4,15:01.0,24:05.3
215,32497,NULL,20,Pain,NULL,NULL,NULL,NULL,2,Magnet,4,15:01.0,24:05.3
216,32519,NULL,18,Careful Listening,NULL,NULL,NULL,NULL,2,Magnet,4,15:01.0,24:05.3
217,32519,NULL,22,Patient Engagement/patient-centered care,NULL,NULL,NULL,NULL,2,Magnet,4,15:01.0,24:05.3
218,32530,NULL,21,Patient Education,NULL,NULL,NULL,NULL,2,Magnet,4,15:01.0,24:05.3
220,32796,NULL,17,Care Coordination,NULL,NULL,NULL,NULL,2,Magnet,4,15:01.0,24:05.3
221,32796,NULL,22,Patient Engagement/patient-centered care,NULL,NULL,NULL,NULL,2,Magnet,4,15:01.0,24:05.3
222,33124,NULL,23,Responsiveness,NULL,NULL,NULL,NULL,2,Magnet,4,15:01.0,24:05.3
223,35236,NULL,20,Pain,NULL,NULL,NULL,NULL,2,Magnet,4,15:01.0,24:05.3
224,35257,NULL,22,Patient Engagement/patient-centered care,NULL,NULL,NULL,NULL,2,Magnet,4,15:01.0,24:05.3
225,35333,NULL,20,Pain,NULL,NULL,NULL,NULL,2,Magnet,4,15:01.0,24:05.3
226,35359,NULL,21,Patient Education,NULL,NULL,NULL,NULL,2,Magnet,4,15:01.0,24:05.3
227,35486,NULL,19,Courtesy and respect,NULL,NULL,NULL,NULL,2,Magnet,4,15:01.0,24:05.3
228,35509,NULL,23,Responsiveness,NULL,NULL,NULL,NULL,2,Magnet,4,15:01.0,24:05.3
229,35531,NULL,19,Courtesy and respect,NULL,NULL,NULL,NULL,2,Magnet,4,15:01.0,24:05.3
230,35629,NULL,25,Service Recovery,NULL,NULL,NULL,NULL,2,Magnet,4,15:01.0,24:05.3
231,35656,NULL,18,Careful Listening,NULL,NULL,NULL,NULL,2,Magnet,4,15:01.0,24:05.3
232,35676,NULL,21,Patient Education,NULL,NULL,NULL,NULL,2,Magnet,4,15:01.0,24:05.3
233,35748,NULL,24,Safety,NULL,NULL,NULL,NULL,2,Magnet,4,15:01.0,24:05.4
234,35754,NULL,20,Pain,NULL,NULL,NULL,NULL,2,Magnet,4,15:01.0,24:05.4
235,35793,NULL,24,Safety,NULL,NULL,NULL,NULL,2,Magnet,4,15:01.0,24:05.4
236,35844,NULL,21,Patient Education,NULL,NULL,NULL,NULL,2,Magnet,4,15:01.0,24:05.4
237,35861,NULL,17,Care Coordination,NULL,NULL,NULL,NULL,2,Magnet,4,15:01.0,24:05.4
238,35993,NULL,21,Patient Education,NULL,NULL,NULL,NULL,2,Magnet,4,15:01.0,24:05.4
239,36860,NULL,19,Courtesy and respect,NULL,NULL,NULL,NULL,2,Magnet,4,15:01.0,24:05.4
240,36861,NULL,18,Careful Listening,NULL,NULL,NULL,NULL,2,Magnet,4,15:01.0,24:05.4
241,36862,NULL,25,Service Recovery,NULL,NULL,NULL,NULL,2,Magnet,4,15:01.0,24:05.4
242,37182,NULL,22,Patient Engagement/patient-centered care,NULL,NULL,NULL,NULL,2,Magnet,4,15:01.0,24:05.4
243,37184,NULL,23,Responsiveness,NULL,NULL,NULL,NULL,2,Magnet,4,15:01.0,24:05.4
244,37186,NULL,23,Responsiveness,NULL,NULL,NULL,NULL,2,Magnet,4,15:01.0,24:05.4
245,37188,NULL,21,Patient Education,NULL,NULL,NULL,NULL,2,Magnet,4,15:01.0,24:05.4
246,37189,NULL,19,Courtesy and respect,NULL,NULL,NULL,NULL,2,Magnet,4,15:01.0,24:05.4
247,37191,NULL,19,Courtesy and respect,NULL,NULL,NULL,NULL,2,Magnet,4,15:01.0,24:05.4
248,37192,NULL,19,Courtesy and respect,NULL,NULL,NULL,NULL,2,Magnet,4,15:01.0,24:05.4
249,37194,NULL,18,Careful Listening,NULL,NULL,NULL,NULL,2,Magnet,4,15:01.0,24:05.4
250,37196,NULL,20,Pain,NULL,NULL,NULL,NULL,2,Magnet,4,15:01.0,24:05.4
251,37199,NULL,21,Patient Education,NULL,NULL,NULL,NULL,2,Magnet,4,15:01.0,24:05.4
252,37200,NULL,21,Patient Education,NULL,NULL,NULL,NULL,2,Magnet,4,15:01.0,24:05.4
253,37201,NULL,21,Patient Education,NULL,NULL,NULL,NULL,2,Magnet,4,15:01.0,24:05.4
254,37203,NULL,23,Responsiveness,NULL,NULL,NULL,NULL,2,Magnet,4,15:01.0,24:05.4
255,37204,NULL,21,Patient Education,NULL,NULL,NULL,NULL,2,Magnet,4,15:01.0,24:05.4
256,37206,NULL,23,Responsiveness,NULL,NULL,NULL,NULL,2,Magnet,4,15:01.0,24:05.4
257,37208,NULL,23,Responsiveness,NULL,NULL,NULL,NULL,2,Magnet,4,15:01.0,24:05.4
258,37212,NULL,21,Patient Education,NULL,NULL,NULL,NULL,2,Magnet,4,15:01.0,24:05.4
259,37213,NULL,21,Patient Education,NULL,NULL,NULL,NULL,2,Magnet,4,15:01.0,24:05.4
260,37214,NULL,21,Patient Education,NULL,NULL,NULL,NULL,2,Magnet,4,15:01.0,24:05.4
261,37216,NULL,17,Care Coordination,NULL,NULL,NULL,NULL,2,Magnet,4,15:01.0,24:05.4
262,37218,NULL,18,Careful Listening,NULL,NULL,NULL,NULL,2,Magnet,4,15:01.0,24:05.4
263,37219,NULL,23,Responsiveness,NULL,NULL,NULL,NULL,2,Magnet,4,15:01.0,24:05.4
264,37220,NULL,18,Careful Listening,NULL,NULL,NULL,NULL,2,Magnet,4,15:01.0,24:05.4
265,38454,NULL,21,Patient Education,NULL,NULL,NULL,NULL,2,Magnet,4,15:01.0,24:05.4
266,38784,NULL,18,Careful Listening,NULL,NULL,NULL,NULL,2,Magnet,4,15:01.0,24:05.4
267,38973,NULL,23,Responsiveness,NULL,NULL,NULL,NULL,2,Magnet,4,15:01.0,24:05.4
268,39514,NULL,23,Responsiveness,NULL,NULL,NULL,NULL,2,Magnet,4,15:01.0,24:05.4
269,40460,NULL,19,Courtesy and respect,NULL,NULL,NULL,NULL,2,Magnet,4,15:01.0,24:05.4
270,40464,NULL,18,Careful Listening,NULL,NULL,NULL,NULL,2,Magnet,4,15:01.0,24:05.4
271,40471,NULL,21,Patient Education,NULL,NULL,NULL,NULL,2,Magnet,4,15:01.0,24:05.4
272,40495,NULL,21,Patient Education,NULL,NULL,NULL,NULL,2,Magnet,4,15:01.0,24:05.4
273,40506,NULL,23,Responsiveness,NULL,NULL,NULL,NULL,2,Magnet,4,15:01.0,24:05.4
274,40517,NULL,19,Courtesy and respect,NULL,NULL,NULL,NULL,2,Magnet,4,15:01.0,24:05.4
275,40528,NULL,21,Patient Education,NULL,NULL,NULL,NULL,2,Magnet,4,15:01.0,24:05.4
276,40537,NULL,20,Pain,NULL,NULL,NULL,NULL,2,Magnet,4,15:01.0,24:05.5
277,40543,NULL,22,Patient Engagement/patient-centered care,NULL,NULL,NULL,NULL,2,Magnet,4,15:01.0,24:05.5
278,40544,NULL,21,Patient Education,NULL,NULL,NULL,NULL,2,Magnet,4,15:01.0,24:05.5
279,40545,NULL,19,Courtesy and respect,NULL,NULL,NULL,NULL,2,Magnet,4,15:01.0,24:05.5
280,40565,NULL,20,Pain,NULL,NULL,NULL,NULL,2,Magnet,4,15:01.0,24:05.5
281,40577,NULL,19,Courtesy and respect,NULL,NULL,NULL,NULL,2,Magnet,4,15:01.0,24:05.5
282,40578,NULL,18,Careful Listening,NULL,NULL,NULL,NULL,2,Magnet,4,15:01.0,24:05.5
283,40582,NULL,23,Responsiveness,NULL,NULL,NULL,NULL,2,Magnet,4,15:01.0,24:05.5
284,40598,NULL,24,Safety,NULL,NULL,NULL,NULL,2,Magnet,4,15:01.0,24:05.5
285,40664,NULL,24,Safety,NULL,NULL,NULL,NULL,2,Magnet,4,15:01.0,24:05.5
286,40691,NULL,21,Patient Education,NULL,NULL,NULL,NULL,2,Magnet,4,15:01.0,24:05.5
287,40740,NULL,18,Careful Listening,NULL,NULL,NULL,NULL,2,Magnet,4,15:01.0,24:05.5
288,40740,NULL,22,Patient Engagement/patient-centered care,NULL,NULL,NULL,NULL,2,Magnet,4,15:01.0,24:05.5
289,40751,NULL,22,Patient Engagement/patient-centered care,NULL,NULL,NULL,NULL,2,Magnet,4,15:01.0,24:05.5
290,40762,NULL,21,Patient Education,NULL,NULL,NULL,NULL,2,Magnet,4,15:01.0,24:05.5
291,40774,NULL,19,Courtesy and respect,NULL,NULL,NULL,NULL,2,Magnet,4,15:01.0,24:05.5
292,40776,NULL,25,Service Recovery,NULL,NULL,NULL,NULL,2,Magnet,4,15:01.0,24:05.5
293,40785,NULL,17,Care Coordination,NULL,NULL,NULL,NULL,2,Magnet,4,15:01.0,24:05.5
294,40917,NULL,19,Courtesy and respect,NULL,NULL,NULL,NULL,2,Magnet,4,15:01.0,24:05.5
295,40918,NULL,21,Patient Education,NULL,NULL,NULL,NULL,2,Magnet,4,15:01.0,24:05.5
296,41050,NULL,23,Responsiveness,NULL,NULL,NULL,NULL,2,Magnet,4,15:01.0,24:05.5
297,41069,NULL,23,Responsiveness,NULL,NULL,NULL,NULL,2,Magnet,4,15:01.0,24:05.5
298,41077,NULL,21,Patient Education,NULL,NULL,NULL,NULL,2,Magnet,4,15:01.0,24:05.5
299,41150,NULL,19,Courtesy and respect,NULL,NULL,NULL,NULL,2,Magnet,4,15:01.0,24:05.5
300,41151,NULL,23,Responsiveness,NULL,NULL,NULL,NULL,2,Magnet,4,15:01.0,24:05.5
301,42299,NULL,24,Safety,NULL,NULL,NULL,NULL,2,Magnet,4,15:01.0,24:05.5
302,42565,NULL,19,Courtesy and respect,NULL,NULL,NULL,NULL,2,Magnet,4,15:01.0,24:05.5
303,42576,NULL,21,Patient Education,NULL,NULL,NULL,NULL,2,Magnet,4,15:01.0,24:05.5
304,42587,NULL,23,Responsiveness,NULL,NULL,NULL,NULL,2,Magnet,4,15:01.0,24:05.5
305,42609,NULL,21,Patient Education,NULL,NULL,NULL,NULL,2,Magnet,4,15:01.0,24:05.5
306,42625,NULL,25,Service Recovery,NULL,NULL,NULL,NULL,2,Magnet,4,15:01.0,24:05.5
307,42626,NULL,17,Care Coordination,NULL,NULL,NULL,NULL,2,Magnet,4,15:01.0,24:05.5
308,42798,NULL,22,Patient Engagement/patient-centered care,NULL,NULL,NULL,NULL,2,Magnet,4,15:01.0,24:05.5
309,42841,NULL,20,Pain,NULL,NULL,NULL,NULL,2,Magnet,4,15:01.0,24:05.5
310,42900,NULL,24,Safety,NULL,NULL,NULL,NULL,2,Magnet,4,15:01.0,24:05.5
311,42980,NULL,21,Patient Education,NULL,NULL,NULL,NULL,2,Magnet,4,15:01.0,24:05.5
312,42991,NULL,20,Pain,NULL,NULL,NULL,NULL,2,Magnet,4,15:01.0,24:05.5
313,43043,NULL,21,Patient Education,NULL,NULL,NULL,NULL,2,Magnet,4,15:01.0,24:05.5
314,43098,NULL,19,Courtesy and respect,NULL,NULL,NULL,NULL,2,Magnet,4,15:01.0,24:05.5
315,43205,NULL,18,Careful Listening,NULL,NULL,NULL,NULL,2,Magnet,4,15:01.0,24:05.5
316,43205,NULL,22,Patient Engagement/patient-centered care,NULL,NULL,NULL,NULL,2,Magnet,4,15:01.0,24:05.5
317,45530,NULL,19,Courtesy and respect,NULL,NULL,NULL,NULL,2,Magnet,4,15:01.0,24:05.5
318,45542,NULL,23,Responsiveness,NULL,NULL,NULL,NULL,2,Magnet,4,15:01.0,24:05.5
319,45564,NULL,18,Careful Listening,NULL,NULL,NULL,NULL,2,Magnet,4,15:01.0,24:05.6
320,45564,NULL,22,Patient Engagement/patient-centered care,NULL,NULL,NULL,NULL,2,Magnet,4,15:01.0,24:05.6
321,45575,NULL,22,Patient Engagement/patient-centered care,NULL,NULL,NULL,NULL,2,Magnet,4,15:01.0,24:05.6
322,45586,NULL,20,Pain,NULL,NULL,NULL,NULL,2,Magnet,4,15:01.0,24:05.6
323,45597,NULL,21,Patient Education,NULL,NULL,NULL,NULL,2,Magnet,4,15:01.0,24:05.6
324,46987,NULL,17,Care Coordination,NULL,NULL,NULL,NULL,2,Magnet,4,15:01.0,24:05.6
325,47002,NULL,25,Service Recovery,NULL,NULL,NULL,NULL,2,Magnet,4,15:01.0,24:05.6
326,47030,NULL,20,Pain,NULL,NULL,NULL,NULL,2,Magnet,4,15:01.0,24:05.6
327,47040,NULL,19,Courtesy and respect,NULL,NULL,NULL,NULL,2,Magnet,4,15:01.0,24:05.6
328,47059,NULL,24,Safety,NULL,NULL,NULL,NULL,2,Magnet,4,15:01.0,24:05.6
329,47195,NULL,23,Responsiveness,NULL,NULL,NULL,NULL,2,Magnet,4,15:01.0,24:05.6
330,47198,NULL,21,Patient Education,NULL,NULL,NULL,NULL,2,Magnet,4,15:01.0,24:05.6
331,47201,NULL,23,Responsiveness,NULL,NULL,NULL,NULL,2,Magnet,4,15:01.0,24:05.6
332,47415,NULL,19,Courtesy and respect,NULL,NULL,NULL,NULL,2,Magnet,4,15:01.0,24:05.6
333,49747,NULL,19,Courtesy and respect,NULL,NULL,NULL,NULL,2,Magnet,4,15:01.0,24:05.6
334,49750,NULL,18,Careful Listening,NULL,NULL,NULL,NULL,2,Magnet,4,15:01.0,24:05.6
335,49750,NULL,22,Patient Engagement/patient-centered care,NULL,NULL,NULL,NULL,2,Magnet,4,15:01.0,24:05.6
336,49751,NULL,20,Pain,NULL,NULL,NULL,NULL,2,Magnet,4,15:01.0,24:05.6
337,49752,NULL,21,Patient Education,NULL,NULL,NULL,NULL,2,Magnet,4,15:01.0,24:05.6
338,49815,NULL,19,Courtesy and respect,NULL,NULL,NULL,NULL,2,Magnet,4,15:01.0,24:05.6
339,49826,NULL,23,Responsiveness,NULL,NULL,NULL,NULL,2,Magnet,4,15:01.0,24:05.6
340,49846,NULL,22,Patient Engagement/patient-centered care,NULL,NULL,NULL,NULL,2,Magnet,4,15:01.0,24:05.6
341,49859,NULL,20,Pain,NULL,NULL,NULL,NULL,2,Magnet,4,15:01.0,24:05.6
342,49866,NULL,24,Safety,NULL,NULL,NULL,NULL,2,Magnet,4,15:01.0,24:05.6
343,49871,NULL,19,Courtesy and respect,NULL,NULL,NULL,NULL,2,Magnet,4,15:01.0,24:05.6
344,49881,NULL,25,Service Recovery,NULL,NULL,NULL,NULL,2,Magnet,4,15:01.0,24:05.6
345,49892,NULL,17,Care Coordination,NULL,NULL,NULL,NULL,2,Magnet,4,15:01.0,24:05.6
346,50001,NULL,19,Courtesy and respect,NULL,NULL,NULL,NULL,2,Magnet,4,15:01.0,24:05.6
347,51197,NULL,21,Patient Education,NULL,NULL,NULL,NULL,2,Magnet,4,15:01.0,24:05.6
348,51258,NULL,20,Pain,NULL,NULL,NULL,NULL,2,Magnet,4,15:01.0,24:05.6
349,51589,NULL,18,Careful Listening,NULL,NULL,NULL,NULL,2,Magnet,4,15:01.0,24:05.6
350,51589,NULL,22,Patient Engagement/patient-centered care,NULL,NULL,NULL,NULL,2,Magnet,4,15:01.0,24:05.6
351,51590,NULL,21,Patient Education,NULL,NULL,NULL,NULL,2,Magnet,4,15:01.0,24:05.6
352,51591,NULL,18,Careful Listening,NULL,NULL,NULL,NULL,2,Magnet,4,15:01.0,24:05.6
353,51591,NULL,22,Patient Engagement/patient-centered care,NULL,NULL,NULL,NULL,2,Magnet,4,15:01.0,24:05.6
354,51595,NULL,18,Careful Listening,NULL,NULL,NULL,NULL,2,Magnet,4,15:01.0,24:05.6
355,51595,NULL,22,Patient Engagement/patient-centered care,NULL,NULL,NULL,NULL,2,Magnet,4,15:01.0,24:05.6
356,51596,NULL,21,Patient Education,NULL,NULL,NULL,NULL,2,Magnet,4,15:01.0,24:05.6
357,51598,NULL,19,Courtesy and respect,NULL,NULL,NULL,NULL,2,Magnet,4,15:01.0,24:05.6
358,51610,NULL,23,Responsiveness,NULL,NULL,NULL,NULL,2,Magnet,4,15:01.0,24:05.6
359,51612,NULL,24,Safety,NULL,NULL,NULL,NULL,2,Magnet,4,15:01.0,24:05.6
360,51613,NULL,24,Safety,NULL,NULL,NULL,NULL,2,Magnet,4,15:01.0,24:05.6
361,51620,NULL,17,Care Coordination,NULL,NULL,NULL,NULL,2,Magnet,4,15:01.0,24:05.6
362,51620,NULL,24,Safety,NULL,NULL,NULL,NULL,2,Magnet,4,15:01.0,24:05.6
363,51627,NULL,21,Patient Education,NULL,NULL,NULL,NULL,2,Magnet,4,15:01.0,24:05.6
364,53443,NULL,19,Courtesy and respect,NULL,NULL,NULL,NULL,2,Magnet,4,15:01.0,24:05.7
365,53454,NULL,23,Responsiveness,NULL,NULL,NULL,NULL,2,Magnet,4,15:01.0,24:05.7
366,53465,NULL,19,Courtesy and respect,NULL,NULL,NULL,NULL,2,Magnet,4,15:01.0,24:05.7
367,53477,NULL,18,Careful Listening,NULL,NULL,NULL,NULL,2,Magnet,4,15:01.0,24:05.7
368,53477,NULL,22,Patient Engagement/patient-centered care,NULL,NULL,NULL,NULL,2,Magnet,4,15:01.0,24:05.7
369,53488,NULL,17,Care Coordination,NULL,NULL,NULL,NULL,2,Magnet,4,15:01.0,24:05.7
370,53657,NULL,19,Courtesy and respect,NULL,NULL,NULL,NULL,2,Magnet,4,15:01.0,24:05.7
371,53660,NULL,25,Service Recovery,NULL,NULL,NULL,NULL,2,Magnet,4,15:01.0,24:05.7
372,53661,NULL,22,Patient Engagement/patient-centered care,NULL,NULL,NULL,NULL,2,Magnet,4,15:01.0,24:05.7
373,53662,NULL,17,Care Coordination,NULL,NULL,NULL,NULL,2,Magnet,4,15:01.0,24:05.7
374,53664,NULL,20,Pain,NULL,NULL,NULL,NULL,2,Magnet,4,15:01.0,24:05.7
375,53698,NULL,17,Care Coordination,NULL,NULL,NULL,NULL,2,Magnet,4,15:01.0,24:05.7
376,54005,NULL,24,Safety,NULL,NULL,NULL,NULL,2,Magnet,4,15:01.0,24:05.7
377,54006,NULL,24,Safety,NULL,NULL,NULL,NULL,2,Magnet,4,15:01.0,24:05.7
378,55228,NULL,19,Courtesy and respect,NULL,NULL,NULL,NULL,2,Magnet,4,15:01.0,24:05.7
379,55251,NULL,23,Responsiveness,NULL,NULL,NULL,NULL,2,Magnet,4,15:01.0,24:05.7
380,55274,NULL,19,Courtesy and respect,NULL,NULL,NULL,NULL,2,Magnet,4,15:01.0,24:05.7
381,55287,NULL,24,Safety,NULL,NULL,NULL,NULL,2,Magnet,4,15:01.0,24:05.7
382,55321,NULL,22,Patient Engagement/patient-centered care,NULL,NULL,NULL,NULL,2,Magnet,4,15:01.0,24:05.7
383,55322,NULL,25,Service Recovery,NULL,NULL,NULL,NULL,2,Magnet,4,15:01.0,24:05.7
384,55351,NULL,21,Patient Education,NULL,NULL,NULL,NULL,2,Magnet,4,15:01.0,24:05.7
385,55753,NULL,20,Pain,NULL,NULL,NULL,NULL,2,Magnet,4,15:01.0,24:05.7
386,55759,NULL,18,Careful Listening,NULL,NULL,NULL,NULL,2,Magnet,4,15:01.0,24:05.7
387,55790,NULL,17,Care Coordination,NULL,NULL,NULL,NULL,2,Magnet,4,15:01.0,24:05.7
388,56399,NULL,20,Pain,NULL,NULL,NULL,NULL,2,Magnet,4,15:01.0,24:05.7
389,56425,NULL,23,Responsiveness,NULL,NULL,NULL,NULL,2,Magnet,4,15:01.0,24:05.7
390,56449,NULL,24,Safety,NULL,NULL,NULL,NULL,2,Magnet,4,15:01.0,24:05.7
391,56468,NULL,19,Courtesy and respect,NULL,NULL,NULL,NULL,2,Magnet,4,15:01.0,24:05.7
392,56695,NULL,23,Responsiveness,NULL,NULL,NULL,NULL,2,Magnet,4,15:01.0,24:05.7
393,56698,NULL,21,Patient Education,NULL,NULL,NULL,NULL,2,Magnet,4,15:01.0,24:05.7
394,56707,NULL,21,Patient Education,NULL,NULL,NULL,NULL,2,Magnet,4,15:01.0,24:05.7
395,56742,NULL,19,Courtesy and respect,NULL,NULL,NULL,NULL,2,Magnet,4,15:01.0,24:05.7
396,56764,NULL,18,Careful Listening,NULL,NULL,NULL,NULL,2,Magnet,4,15:01.0,24:05.7
397,56772,NULL,25,Service Recovery,NULL,NULL,NULL,NULL,2,Magnet,4,15:01.0,24:05.7
398,56783,NULL,22,Patient Engagement/patient-centered care,NULL,NULL,NULL,NULL,2,Magnet,4,15:01.0,24:05.7
399,56794,NULL,17,Care Coordination,NULL,NULL,NULL,NULL,2,Magnet,4,15:01.0,24:05.7
400,56870,NULL,21,Patient Education,NULL,NULL,NULL,NULL,2,Magnet,4,15:01.0,24:05.7
401,56965,NULL,18,Careful Listening,NULL,NULL,NULL,NULL,2,Magnet,4,15:01.0,24:05.7
402,57617,NULL,23,Responsiveness,NULL,NULL,NULL,NULL,2,Magnet,4,15:01.0,24:05.7
403,57728,NULL,19,Courtesy and respect,NULL,NULL,NULL,NULL,2,Magnet,4,15:01.0,24:05.7
404,58157,NULL,19,Courtesy and respect,NULL,NULL,NULL,NULL,2,Magnet,4,15:01.0,24:05.7
405,58168,NULL,21,Patient Education,NULL,NULL,NULL,NULL,2,Magnet,4,15:01.0,24:05.7
406,58212,NULL,21,Patient Education,NULL,NULL,NULL,NULL,2,Magnet,4,15:01.0,24:05.7
407,58234,NULL,19,Courtesy and respect,NULL,NULL,NULL,NULL,2,Magnet,4,15:01.0,24:05.7
408,58245,NULL,22,Patient Engagement/patient-centered care,NULL,NULL,NULL,NULL,2,Magnet,4,15:01.0,24:05.7
409,58262,NULL,25,Service Recovery,NULL,NULL,NULL,NULL,2,Magnet,4,15:01.0,24:05.7
410,58290,NULL,20,Pain,NULL,NULL,NULL,NULL,2,Magnet,4,15:01.0,24:05.7
411,58301,NULL,24,Safety,NULL,NULL,NULL,NULL,2,Magnet,4,15:01.0,24:05.7
412,58334,NULL,18,Careful Listening,NULL,NULL,NULL,NULL,2,Magnet,4,15:01.0,24:05.8
413,58345,NULL,18,Careful Listening,NULL,NULL,NULL,NULL,2,Magnet,4,15:01.0,24:05.8
414,58345,NULL,22,Patient Engagement/patient-centered care,NULL,NULL,NULL,NULL,2,Magnet,4,15:01.0,24:05.8
415,58356,NULL,18,Careful Listening,NULL,NULL,NULL,NULL,2,Magnet,4,15:01.0,24:05.8
416,58379,NULL,19,Courtesy and respect,NULL,NULL,NULL,NULL,2,Magnet,4,15:01.0,24:05.8
417,58412,NULL,19,Courtesy and respect,NULL,NULL,NULL,NULL,2,Magnet,4,15:01.0,24:05.8
418,58578,NULL,21,Patient Education,NULL,NULL,NULL,NULL,2,Magnet,4,15:01.0,24:05.8
419,58590,NULL,22,Patient Engagement/patient-centered care,NULL,NULL,NULL,NULL,2,Magnet,4,15:01.0,24:05.8
420,58656,NULL,17,Care Coordination,NULL,NULL,NULL,NULL,2,Magnet,4,15:01.0,24:05.8
421,65781,NULL,22,Patient Engagement/patient-centered care,NULL,NULL,NULL,NULL,2,Magnet,4,15:01.0,24:05.8
422,65817,NULL,19,Courtesy and respect,NULL,NULL,NULL,NULL,2,Magnet,4,15:01.0,24:05.8
423,65818,NULL,18,Careful Listening,NULL,NULL,NULL,NULL,2,Magnet,4,15:01.0,24:05.8
424,65819,NULL,21,Patient Education,NULL,NULL,NULL,NULL,2,Magnet,4,15:01.0,24:05.8
425,65870,NULL,23,Responsiveness,NULL,NULL,NULL,NULL,2,Magnet,4,15:01.0,24:05.8
426,65898,NULL,21,Patient Education,NULL,NULL,NULL,NULL,2,Magnet,4,15:01.0,24:05.8
427,65928,NULL,18,Careful Listening,NULL,NULL,NULL,NULL,2,Magnet,4,15:01.0,24:05.8
428,66051,NULL,21,Patient Education,NULL,NULL,NULL,NULL,2,Magnet,4,15:01.0,24:05.8
429,66179,NULL,23,Responsiveness,NULL,NULL,NULL,NULL,2,Magnet,4,15:01.0,24:05.8
430,66296,NULL,18,Careful Listening,NULL,NULL,NULL,NULL,2,Magnet,4,15:01.0,24:05.8
431,66409,NULL,21,Patient Education,NULL,NULL,NULL,NULL,2,Magnet,4,15:01.0,24:05.8
432,66414,NULL,21,Patient Education,NULL,NULL,NULL,NULL,2,Magnet,4,15:01.0,24:05.8
433,66425,NULL,21,Patient Education,NULL,NULL,NULL,NULL,2,Magnet,4,15:01.0,24:05.8
434,66481,NULL,17,Care Coordination,NULL,NULL,NULL,NULL,2,Magnet,4,15:01.0,24:05.8
435,67247,NULL,19,Courtesy and respect,NULL,NULL,NULL,NULL,2,Magnet,4,15:01.0,24:05.8
436,67259,NULL,18,Careful Listening,NULL,NULL,NULL,NULL,2,Magnet,4,15:01.0,24:05.8
437,69640,NULL,20,Pain,NULL,NULL,NULL,NULL,2,Magnet,4,15:01.0,24:05.8
438,69696,NULL,19,Courtesy and respect,NULL,NULL,NULL,NULL,2,Magnet,4,15:01.0,24:05.8
439,69759,NULL,24,Safety,NULL,NULL,NULL,NULL,2,Magnet,4,15:01.0,24:05.8
440,69789,NULL,18,Careful Listening,NULL,NULL,NULL,NULL,2,Magnet,4,15:01.0,24:05.8
441,69789,NULL,22,Patient Engagement/patient-centered care,NULL,NULL,NULL,NULL,2,Magnet,4,15:01.0,24:05.8
442,69800,NULL,19,Courtesy and respect,NULL,NULL,NULL,NULL,2,Magnet,4,15:01.0,24:05.8
443,69889,NULL,21,Patient Education,NULL,NULL,NULL,NULL,2,Magnet,4,15:01.0,24:05.8
444,70027,NULL,18,Careful Listening,NULL,NULL,NULL,NULL,2,Magnet,4,15:01.0,24:05.8
445,70030,NULL,20,Pain,NULL,NULL,NULL,NULL,2,Magnet,4,15:01.0,24:05.8
446,70032,NULL,19,Courtesy and respect,NULL,NULL,NULL,NULL,2,Magnet,4,15:01.0,24:05.8
447,70081,NULL,24,Safety,NULL,NULL,NULL,NULL,2,Magnet,4,15:01.0,24:05.8
448,70144,NULL,25,Service Recovery,NULL,NULL,NULL,NULL,2,Magnet,4,15:01.0,24:05.8
449,12135,NULL,21,Patient Education,NULL,NULL,NULL,NULL,2,Magnet,4,01:09.9,24:05.0
450,12136,NULL,21,Patient Education,NULL,NULL,NULL,NULL,2,Magnet,4,01:09.9,24:05.0
451,12141,NULL,19,Courtesy and respect,NULL,NULL,NULL,NULL,2,Magnet,4,01:09.9,24:05.0
452,12142,NULL,20,Pain,NULL,NULL,NULL,NULL,2,Magnet,4,01:09.9,24:05.0
453,12143,NULL,21,Patient Education,NULL,NULL,NULL,NULL,2,Magnet,4,01:09.9,24:05.0
454,12146,NULL,21,Patient Education,NULL,NULL,NULL,NULL,2,Magnet,4,01:09.9,24:05.0
455,12147,NULL,21,Patient Education,NULL,NULL,NULL,NULL,2,Magnet,4,01:09.9,24:05.0
456,12148,NULL,21,Patient Education,NULL,NULL,NULL,NULL,2,Magnet,4,01:09.9,24:05.0
457,12149,NULL,21,Patient Education,NULL,NULL,NULL,NULL,2,Magnet,4,01:09.9,24:05.0
458,12150,NULL,20,Pain,NULL,NULL,NULL,NULL,2,Magnet,4,01:09.9,24:05.0
459,12152,NULL,21,Patient Education,NULL,NULL,NULL,NULL,2,Magnet,4,01:09.9,24:05.0
460,12152,NULL,24,Safety,NULL,NULL,NULL,NULL,2,Magnet,4,01:09.9,24:05.0
461,12154,NULL,21,Patient Education,NULL,NULL,NULL,NULL,2,Magnet,4,01:09.9,24:05.0
462,12154,NULL,24,Safety,NULL,NULL,NULL,NULL,2,Magnet,4,01:09.9,24:05.0
463,12157,NULL,21,Patient Education,NULL,NULL,NULL,NULL,2,Magnet,4,01:09.9,24:05.1
464,12157,NULL,24,Safety,NULL,NULL,NULL,NULL,2,Magnet,4,01:09.9,24:05.1
465,7995,NULL,19,Courtesy and respect,NULL,NULL,NULL,NULL,2,Magnet,4,00:54.8,24:05.0
466,8538,NULL,21,Patient Education,NULL,NULL,NULL,NULL,2,Magnet,4,00:54.8,24:05.0
467,8538,NULL,22,Patient Engagement/patient-centered care,NULL,NULL,NULL,NULL,2,Magnet,4,00:54.8,24:05.0
468,8817,NULL,19,Courtesy and respect,NULL,NULL,NULL,NULL,2,Magnet,4,00:54.8,24:05.0
469,8817,NULL,23,Responsiveness,NULL,NULL,NULL,NULL,2,Magnet,4,00:54.8,24:05.0
470,9096,NULL,20,Pain,NULL,NULL,NULL,NULL,2,Magnet,4,00:54.8,24:05.0
471,9426,NULL,21,Patient Education,NULL,NULL,NULL,NULL,2,Magnet,4,00:54.8,24:05.0
472,21405,NULL,19,Courtesy and respect,NULL,NULL,NULL,NULL,2,Magnet,4,00:54.8,24:05.1
473,37222,NULL,18,Careful Listening,NULL,NULL,NULL,NULL,2,Magnet,4,00:54.8,24:05.4
474,66628,NULL,19,Courtesy and respect,NULL,NULL,NULL,NULL,2,Magnet,4,00:54.8,24:05.8
475,70402,NULL,21,Patient Education,NULL,NULL,NULL,NULL,2,Magnet,4,00:54.8,24:05.8
476,70403,NULL,18,Careful Listening,NULL,NULL,NULL,NULL,2,Magnet,4,00:54.8,24:05.8
477,70403,NULL,23,Responsiveness,NULL,NULL,NULL,NULL,2,Magnet,4,00:54.8,24:05.8
478,21539,NULL,21,Patient Education,NULL,NULL,NULL,NULL,2,Magnet,4,02:06.7,24:05.1
479,21539,NULL,24,Safety,NULL,NULL,NULL,NULL,2,Magnet,4,02:06.7,24:05.1
480,21542,NULL,21,Patient Education,NULL,NULL,NULL,NULL,2,Magnet,4,02:06.7,24:05.1
481,21543,NULL,21,Patient Education,NULL,NULL,NULL,NULL,2,Magnet,4,02:06.7,24:05.1
482,21543,NULL,24,Safety,NULL,NULL,NULL,NULL,2,Magnet,4,02:06.7,24:05.1
483,21548,NULL,21,Patient Education,NULL,NULL,NULL,NULL,2,Magnet,4,02:06.7,24:05.1
484,21554,NULL,19,Courtesy and respect,NULL,NULL,NULL,NULL,2,Magnet,4,02:06.7,24:05.1
485,21555,NULL,18,Careful Listening,NULL,NULL,NULL,NULL,2,Magnet,4,02:06.7,24:05.1
486,21556,NULL,21,Patient Education,NULL,NULL,NULL,NULL,2,Magnet,4,02:06.7,24:05.1
487,21557,NULL,23,Responsiveness,NULL,NULL,NULL,NULL,2,Magnet,4,02:06.7,24:05.1
488,21567,NULL,21,Patient Education,NULL,NULL,NULL,NULL,2,Magnet,4,02:06.7,24:05.1
489,21658,NULL,20,Pain,NULL,NULL,NULL,NULL,2,Magnet,4,02:06.7,24:05.1
490,21659,NULL,21,Patient Education,NULL,NULL,NULL,NULL,2,Magnet,4,02:06.7,24:05.1
491,21659,NULL,24,Safety,NULL,NULL,NULL,NULL,2,Magnet,4,02:06.7,24:05.1
492,21661,NULL,22,Patient Engagement/patient-centered care,NULL,NULL,NULL,NULL,2,Magnet,4,02:06.7,24:05.1
615,2485,1,13,Wait,1,4,Operational,4,1,SufferingC3,4,29:36.2,29:36.2
616,2596,5,5,Courtesy,1,3,Caring Behaviors,3,1,SufferingC3,4,29:36.2,29:36.2
617,3848,1,15,Amenities,3,4,Operational,4,1,SufferingC3,4,29:36.2,29:36.2
618,3959,1,14,Environment,2,4,Operational,4,1,SufferingC3,4,29:36.2,29:36.2
619,4070,6,5,Courtesy,1,3,Caring Behaviors,3,1,SufferingC3,4,29:36.2,29:36.2
620,4182,5,14,Environment,2,4,Operational,4,1,SufferingC3,4,29:36.2,29:36.2
621,4293,3,14,Environment,2,4,Operational,4,1,SufferingC3,4,29:36.2,29:36.2
622,4385,2,5,Courtesy,1,3,Caring Behaviors,3,1,SufferingC3,4,29:36.2,29:36.2
623,4386,1,8,Personalize,4,3,Caring Behaviors,3,1,SufferingC3,4,29:36.2,29:36.2
624,4387,2,6,Inform,2,3,Caring Behaviors,3,1,SufferingC3,4,29:36.2,29:36.2
625,4392,4,5,Courtesy,1,3,Caring Behaviors,3,1,SufferingC3,4,29:36.2,29:36.2
626,4394,5,8,Personalize,4,3,Caring Behaviors,3,1,SufferingC3,4,29:36.2,29:36.2
627,4395,4,6,Inform,2,3,Caring Behaviors,3,1,SufferingC3,4,29:36.2,29:36.2
628,4399,2,14,Environment,2,4,Operational,4,1,SufferingC3,4,29:36.2,29:36.2
629,4400,4,14,Environment,2,4,Operational,4,1,SufferingC3,4,29:36.2,29:36.2
630,4402,3,7,Responsiveness,3,3,Caring Behaviors,3,1,SufferingC3,4,29:36.2,29:36.2
631,4406,1,3,Pain,2,2,Clinical,2,1,SufferingC3,4,29:36.2,29:36.2
632,4407,3,9,Empathy,5,3,Caring Behaviors,3,1,SufferingC3,4,29:36.2,29:36.2
633,4410,6,6,Inform,2,3,Caring Behaviors,3,1,SufferingC3,4,29:36.2,29:36.2
634,4412,1,4,Discharge Prep,3,2,Clinical,2,1,SufferingC3,4,29:36.2,29:36.2
635,4413,2,4,Discharge Prep,3,2,Clinical,2,1,SufferingC3,4,29:36.2,29:36.2
636,4414,2,16,Global,1,5,Global,5,1,SufferingC3,4,29:36.2,29:36.2
637,4419,4,16,Global,1,5,Global,5,1,SufferingC3,4,29:36.2,29:36.2
638,4788,5,6,Inform,2,3,Caring Behaviors,3,1,SufferingC3,4,29:36.2,29:36.2
639,4876,2,15,Amenities,3,4,Operational,4,1,SufferingC3,4,29:36.2,29:36.2
640,5909,2,7,Responsiveness,3,3,Caring Behaviors,3,1,SufferingC3,4,29:36.2,29:36.2
641,5986,3,15,Amenities,3,4,Operational,4,1,SufferingC3,4,29:36.2,29:36.2
642,6998,7,5,Courtesy,1,3,Caring Behaviors,3,1,SufferingC3,4,29:36.2,29:36.2
643,7627,1,5,Courtesy,1,3,Caring Behaviors,3,1,SufferingC3,4,29:36.2,29:36.2
644,7738,1,7,Responsiveness,3,3,Caring Behaviors,3,1,SufferingC3,4,29:36.2,29:36.2
645,7849,2,8,Personalize,4,3,Caring Behaviors,3,1,SufferingC3,4,29:36.2,29:36.2
646,7961,3,8,Personalize,4,3,Caring Behaviors,3,1,SufferingC3,4,29:36.2,29:36.2
647,8072,1,6,Inform,2,3,Caring Behaviors,3,1,SufferingC3,4,29:36.2,29:36.2
648,8183,1,2,Skill,1,2,Clinical,2,1,SufferingC3,4,29:36.2,29:36.2
649,8294,2,13,Wait,1,4,Operational,4,1,SufferingC3,4,29:36.2,29:36.2
650,8516,7,6,Inform,2,3,Caring Behaviors,3,1,SufferingC3,4,29:36.2,29:36.2
651,8537,2,11,Choice,7,3,Caring Behaviors,3,1,SufferingC3,4,29:36.2,29:36.2
652,8538,4,4,Discharge Prep,3,2,Clinical,2,1,SufferingC3,4,29:36.2,29:36.2
653,8540,5,4,Discharge Prep,3,2,Clinical,2,1,SufferingC3,4,29:36.2,29:36.2
654,8739,8,5,Courtesy,1,3,Caring Behaviors,3,1,SufferingC3,4,29:36.2,29:36.2
655,8961,9,5,Courtesy,1,3,Caring Behaviors,3,1,SufferingC3,4,29:36.2,29:36.2
656,9116,4,15,Amenities,3,4,Operational,4,1,SufferingC3,4,29:36.2,29:36.2
657,9127,4,8,Personalize,4,3,Caring Behaviors,3,1,SufferingC3,4,29:36.2,29:36.2
658,9149,6,8,Personalize,4,3,Caring Behaviors,3,1,SufferingC3,4,29:36.2,29:36.2
659,9160,1,9,Empathy,5,3,Caring Behaviors,3,1,SufferingC3,4,29:36.2,29:36.2
660,9171,3,6,Inform,2,3,Caring Behaviors,3,1,SufferingC3,4,29:36.2,29:36.2
661,9182,3,5,Courtesy,1,3,Caring Behaviors,3,1,SufferingC3,4,29:36.2,29:36.2
662,9193,2,2,Skill,1,2,Clinical,2,1,SufferingC3,4,29:36.2,29:36.2
663,9204,6,4,Discharge Prep,3,2,Clinical,2,1,SufferingC3,4,29:36.2,29:36.2
664,9216,3,13,Wait,1,4,Operational,4,1,SufferingC3,4,29:36.2,29:36.2
665,9227,3,4,Discharge Prep,3,2,Clinical,2,1,SufferingC3,4,29:36.2,29:36.2
666,9249,1,10,Privacy,6,3,Caring Behaviors,3,1,SufferingC3,4,29:36.2,29:36.2
667,9271,2,3,Pain,2,2,Clinical,2,1,SufferingC3,4,29:36.2,29:36.2
668,9282,2,9,Empathy,5,3,Caring Behaviors,3,1,SufferingC3,4,29:36.2,29:36.2
669,9293,1,12,Service Recovery,8,3,Caring Behaviors,3,1,SufferingC3,4,29:36.2,29:36.2
670,9304,1,11,Choice,7,3,Caring Behaviors,3,1,SufferingC3,4,29:36.2,29:36.2
671,9327,1,1,Teamwork,1,1,Culture,1,1,SufferingC3,4,29:36.2,29:36.2
672,9338,3,16,Global,1,5,Global,5,1,SufferingC3,4,29:36.2,29:36.2
673,9349,1,16,Global,1,5,Global,5,1,SufferingC3,4,29:36.2,29:36.2
674,64873,2,44,Process/Ease,3,10,Operational,4,1,SufferingC3,4,29:36.2,29:36.2
675,65747,4,33,Inform,5,6,Caring Behaviors,3,1,SufferingC3,4,29:36.2,29:36.2
676,65748,1,34,Personalization,6,6,Caring Behaviors,3,1,SufferingC3,4,29:36.2,29:36.2
677,65750,2,33,Inform,5,6,Caring Behaviors,3,1,SufferingC3,4,29:36.2,29:36.2
678,65751,2,37,Care Coordination,1,7,Clinical,2,1,SufferingC3,4,29:36.2,29:36.2
679,65752,2,30,Courtesy,2,6,Caring Behaviors,3,1,SufferingC3,4,29:36.2,29:36.2
680,65754,2,34,Personalization,6,6,Caring Behaviors,3,1,SufferingC3,4,29:36.2,29:36.2
681,65755,1,41,Global,1,9,Global,5,1,SufferingC3,4,29:36.2,29:36.2
682,65757,3,41,Global,1,9,Global,5,1,SufferingC3,4,29:36.2,29:36.2
683,65758,1,32,Helpfulness,4,6,Caring Behaviors,3,1,SufferingC3,4,29:36.2,29:36.2
684,65759,5,30,Courtesy,2,6,Caring Behaviors,3,1,SufferingC3,4,29:36.2,29:36.2
685,65838,4,45,Wait,4,10,Operational,4,1,SufferingC3,4,29:36.2,29:36.2
686,66035,4,30,Courtesy,2,6,Caring Behaviors,3,1,SufferingC3,4,29:36.2,29:36.2
687,66481,1,40,Team,2,8,Culture,1,1,SufferingC3,4,29:36.2,29:36.2
688,66594,7,33,Inform,5,6,Caring Behaviors,3,1,SufferingC3,4,29:36.2,29:36.2
689,66600,1,45,Wait,4,10,Operational,4,1,SufferingC3,4,29:36.2,29:36.2
690,66602,2,45,Wait,4,10,Operational,4,1,SufferingC3,4,29:36.2,29:36.2
691,66604,1,36,Responsiveness,8,6,Caring Behaviors,3,1,SufferingC3,4,29:36.2,29:36.2
692,66607,2,36,Responsiveness,8,6,Caring Behaviors,3,1,SufferingC3,4,29:36.2,29:36.2
693,66608,3,45,Wait,4,10,Operational,4,1,SufferingC3,4,29:36.2,29:36.2
694,66612,4,37,Care Coordination,1,7,Clinical,2,1,SufferingC3,4,29:36.2,29:36.2
695,66613,1,37,Care Coordination,1,7,Clinical,2,1,SufferingC3,4,29:36.2,29:36.2
696,66641,3,37,Care Coordination,1,7,Clinical,2,1,SufferingC3,4,29:36.2,29:36.2
697,67247,3,30,Courtesy,2,6,Caring Behaviors,3,1,SufferingC3,4,29:36.2,29:36.2
698,67259,1,31,Empathy,3,6,Caring Behaviors,3,1,SufferingC3,4,29:36.2,29:36.2
699,69545,1,30,Courtesy,2,6,Caring Behaviors,3,1,SufferingC3,4,29:36.2,29:36.2
700,69556,1,33,Inform,5,6,Caring Behaviors,3,1,SufferingC3,4,29:36.2,29:36.2
701,69567,2,31,Empathy,3,6,Caring Behaviors,3,1,SufferingC3,4,29:36.2,29:36.2
702,69578,1,29,Choice,1,6,Caring Behaviors,3,1,SufferingC3,4,29:36.2,29:36.2
703,69589,5,33,Inform,5,6,Caring Behaviors,3,1,SufferingC3,4,29:36.2,29:36.2
704,69600,6,33,Inform,5,6,Caring Behaviors,3,1,SufferingC3,4,29:36.2,29:36.2
705,69612,3,33,Inform,5,6,Caring Behaviors,3,1,SufferingC3,4,29:36.2,29:36.2
706,69623,3,34,Personalization,6,6,Caring Behaviors,3,1,SufferingC3,4,29:36.2,29:36.2
707,69634,1,38,Skill,2,7,Clinical,2,1,SufferingC3,4,29:36.2,29:36.2
708,69645,4,41,Global,1,9,Global,5,1,SufferingC3,4,29:36.2,29:36.2
709,69759,1,39,Safety,1,8,Culture,1,1,SufferingC3,4,29:36.2,29:36.2
710,69767,1,44,Process/Ease,3,10,Operational,4,1,SufferingC3,4,29:36.2,29:36.2
711,69778,1,42,Amenities,1,10,Operational,4,1,SufferingC3,4,29:36.2,29:36.2
712,69789,3,31,Empathy,3,6,Caring Behaviors,3,1,SufferingC3,4,29:36.2,29:36.2
713,69800,1,35,Privacy,7,6,Caring Behaviors,3,1,SufferingC3,4,29:36.2,29:36.2
714,70100,1,43,Environment,2,10,Operational,4,1,SufferingC3,4,29:36.2,29:36.2
715,70123,2,41,Global,1,9,Global,5,1,SufferingC3,4,29:36.2,29:36.2
716,3886,NULL,24,Safety,NULL,NULL,NULL,NULL,2,Magnet,4,46:44.6,46:44.6
717,6471,2,10,Privacy,6,3,Caring Behaviors,3,1,SufferingC3,4,46:44.6,46:44.6
718,6472,3,3,Pain,2,2,Clinical,2,1,SufferingC3,4,46:44.6,46:44.6
719,6473,5,2,Skill,1,2,Clinical,2,1,SufferingC3,4,46:44.6,46:44.6
720,6474,2,14,Environment,2,4,Operational,4,1,SufferingC3,4,46:44.6,46:44.6
721,6475,10,5,Courtesy,1,3,Caring Behaviors,3,1,SufferingC3,4,46:44.6,46:44.6
722,6476,8,14,Environment,2,4,Operational,4,1,SufferingC3,4,46:44.6,46:44.6
723,6478,3,15,Amenities,3,4,Operational,4,1,SufferingC3,4,46:44.6,46:44.6
724,6479,5,15,Amenities,3,4,Operational,4,1,SufferingC3,4,46:44.6,46:44.6
725,6480,12,5,Courtesy,1,3,Caring Behaviors,3,1,SufferingC3,4,46:44.6,46:44.6
726,6481,2,6,Inform,2,3,Caring Behaviors,3,1,SufferingC3,4,46:44.6,46:44.6
727,6482,2,2,Skill,1,2,Clinical,2,1,SufferingC3,4,46:44.6,46:44.6
728,6483,5,14,Environment,2,4,Operational,4,1,SufferingC3,4,46:44.6,46:44.6
729,6484,4,9,Empathy,5,3,Caring Behaviors,3,1,SufferingC3,4,46:44.6,46:44.6
730,6485,2,12,Service Recovery,8,3,Caring Behaviors,3,1,SufferingC3,4,46:44.6,46:44.6
731,6486,2,11,Choice,7,3,Caring Behaviors,3,1,SufferingC3,4,46:44.6,46:44.6
732,6487,2,5,Courtesy,1,3,Caring Behaviors,3,1,SufferingC3,4,46:44.6,46:44.6
733,6489,2,1,Teamwork,1,1,Culture,1,1,SufferingC3,4,46:44.6,46:44.6
734,6490,5,16,Global,1,5,Global,5,1,SufferingC3,4,46:44.6,46:44.6
735,6491,4,13,Wait,1,4,Operational,4,1,SufferingC3,4,46:44.6,46:44.6
736,6492,2,7,Responsiveness,3,3,Caring Behaviors,3,1,SufferingC3,4,46:44.6,46:44.6
737,6493,3,8,Personalize,4,3,Caring Behaviors,3,1,SufferingC3,4,46:44.6,46:44.6
738,6494,5,8,Personalize,4,3,Caring Behaviors,3,1,SufferingC3,4,46:44.6,46:44.6
739,6495,8,8,Personalize,4,3,Caring Behaviors,3,1,SufferingC3,4,46:44.6,46:44.6
740,6496,2,9,Empathy,5,3,Caring Behaviors,3,1,SufferingC3,4,46:44.6,46:44.6
741,6497,2,13,Wait,1,4,Operational,4,1,SufferingC3,4,46:44.6,46:44.6
742,6498,8,5,Courtesy,1,3,Caring Behaviors,3,1,SufferingC3,4,46:44.6,46:44.6
743,6500,10,6,Inform,2,3,Caring Behaviors,3,1,SufferingC3,4,46:44.6,46:44.6
744,6501,14,5,Courtesy,1,3,Caring Behaviors,3,1,SufferingC3,4,46:44.6,46:44.6
745,6502,2,16,Global,1,5,Global,5,1,SufferingC3,4,46:44.6,46:44.6
746,6503,7,4,Discharge Prep,3,2,Clinical,2,1,SufferingC3,4,46:44.6,46:44.6
747,6504,6,13,Wait,1,4,Operational,4,1,SufferingC3,4,46:44.6,46:44.6
748,6505,4,4,Discharge Prep,3,2,Clinical,2,1,SufferingC3,4,46:44.6,46:44.6
749,6506,5,6,Inform,2,3,Caring Behaviors,3,1,SufferingC3,4,46:44.6,46:44.6
750,6507,16,5,Courtesy,1,3,Caring Behaviors,3,1,SufferingC3,4,46:44.6,46:44.6
751,6508,7,15,Amenities,3,4,Operational,4,1,SufferingC3,4,46:44.6,46:44.6
752,6509,5,5,Courtesy,1,3,Caring Behaviors,3,1,SufferingC3,4,46:44.6,46:44.6
753,6511,4,2,Skill,1,2,Clinical,2,1,SufferingC3,4,46:44.6,46:44.6
754,21939,NULL,18,Careful Listening,NULL,NULL,NULL,NULL,2,Magnet,4,46:44.6,46:44.6
755,51615,NULL,20,Pain,NULL,NULL,NULL,NULL,2,Magnet,4,46:44.6,46:44.6
756,68460,5,30,Courtesy,2,6,Caring Behaviors,3,1,SufferingC3,4,46:44.6,46:44.6
757,68461,2,31,Empathy,3,6,Caring Behaviors,3,1,SufferingC3,4,46:44.6,46:44.6
758,68462,2,30,Courtesy,2,6,Caring Behaviors,3,1,SufferingC3,4,46:44.6,46:44.6
759,68463,4,44,Process/Ease,3,10,Operational,4,1,SufferingC3,4,46:44.6,46:44.6
760,68465,2,33,Inform,5,6,Caring Behaviors,3,1,SufferingC3,4,46:44.6,46:44.6
761,68466,4,31,Empathy,3,6,Caring Behaviors,3,1,SufferingC3,4,46:44.6,46:44.6
762,68467,2,29,Choice,1,6,Caring Behaviors,3,1,SufferingC3,4,46:44.6,46:44.6
763,68468,8,33,Inform,5,6,Caring Behaviors,3,1,SufferingC3,4,46:44.6,46:44.6
764,68469,10,33,Inform,5,6,Caring Behaviors,3,1,SufferingC3,4,46:44.6,46:44.6
765,68470,5,33,Inform,5,6,Caring Behaviors,3,1,SufferingC3,4,46:44.6,46:44.6
766,68471,3,34,Personalization,6,6,Caring Behaviors,3,1,SufferingC3,4,46:44.6,46:44.6
767,68472,2,38,Skill,2,7,Clinical,2,1,SufferingC3,4,46:44.6,46:44.6
768,68473,5,41,Global,1,9,Global,5,1,SufferingC3,4,46:44.6,46:44.6
769,68474,2,42,Amenities,1,10,Operational,4,1,SufferingC3,4,46:44.6,46:44.6
770,68475,6,31,Empathy,3,6,Caring Behaviors,3,1,SufferingC3,4,46:44.6,46:44.6
771,68476,2,35,Privacy,7,6,Caring Behaviors,3,1,SufferingC3,4,46:44.6,46:44.6
772,68480,2,43,Environment,2,10,Operational,4,1,SufferingC3,4,46:44.6,46:44.6
773,68484,7,30,Courtesy,2,6,Caring Behaviors,3,1,SufferingC3,4,46:44.6,46:44.6
774,68642,2,44,Process/Ease,3,10,Operational,4,1,SufferingC3,4,46:44.6,46:44.6
775,68643,12,33,Inform,5,6,Caring Behaviors,3,1,SufferingC3,4,46:44.6,46:44.6
776,68644,2,40,Team,2,8,Culture,1,1,SufferingC3,4,46:44.6,46:44.6
777,68645,2,39,Safety,1,8,Culture,1,1,SufferingC3,4,46:44.6,46:44.6
778,68646,5,45,Wait,4,10,Operational,4,1,SufferingC3,4,46:44.6,46:44.6
779,28383,1,48,Team,3,12,Culture,2,1,SufferingC3,4,04:45.9,04:45.9
780,28873,2,57,Ease of Process,12,15,Operational,5,1,SufferingC3,4,04:45.9,04:45.9
781,29283,1,50,Courtesy,5,14,Caring Behaviors,4,1,SufferingC3,4,04:45.9,04:45.9
782,29327,2,51,Inform,6,14,Caring Behaviors,4,1,SufferingC3,4,04:45.9,04:45.9
783,29338,4,53,Empathy,8,14,Caring Behaviors,4,1,SufferingC3,4,04:45.9,04:45.9
784,29349,1,49,Skill,4,13,Clinical,3,1,SufferingC3,4,04:45.9,04:45.9
785,29360,3,52,Helpfulness,7,14,Caring Behaviors,4,1,SufferingC3,4,04:45.9,04:45.9
786,29573,3,58,Environment,13,15,Operational,5,1,SufferingC3,4,04:45.9,04:45.9
787,29584,3,58,Environment,13,15,Operational,5,1,SufferingC3,4,04:45.9,04:45.9
788,29585,3,58,Environment,13,15,Operational,5,1,SufferingC3,4,04:45.9,04:45.9
789,29651,5,54,Privacy,9,14,Caring Behaviors,4,1,SufferingC3,4,04:45.9,04:45.9
790,29666,4,53,Empathy,8,14,Caring Behaviors,4,1,SufferingC3,4,04:45.9,04:45.9
791,29667,4,53,Empathy,8,14,Caring Behaviors,4,1,SufferingC3,4,04:45.9,04:45.9
792,29668,6,55,Service Recovery,10,14,Caring Behaviors,4,1,SufferingC3,4,04:45.9,04:45.9
793,29686,2,47,Recommend,2,11,Global,1,1,SufferingC3,4,04:45.9,04:45.9
794,29698,1,56,Wait,11,15,Operational,5,1,SufferingC3,4,04:45.9,04:45.9
795,29798,1,46,Rating,1,11,Global,1,1,SufferingC3,4,04:45.9,04:45.9
